[
  {
    "numberOfActiveAds": 5883,
    "numberOfCampaignsWithCallExtensionEnabled": 0,
    "accountActive": true,
    "numberOfActiveBroadMatchingKeywords": 5938,
    "numberOfCampaignsWithLocationExtensionEnabled": 0,
    "totalClicksSearch": 673310,
    "numberOfNegativeActiveKeywords": 577,
    "impressionsSearch": 21450337,
    "numberOfActiveCampaigns": 8,
    "numberOfCampaignsWithSocialExtensionEnabled": 0,
    "numberOfPositiveActiveKeywords": 12128,
    "numberOfAdgroupsWithoneActiveAd": 0,
    "totalClicksDisplay": 637966,
    "lostImpressionsDueToBudgetSearch": 31518370,
    "accountName": "Media Bureau Pty Ltd",
    "numberOfActiveExactMatchingKeywords": 6127,
    "numberOfAdgroupsWithTwoActiveAds": 0,
    "totalClicksMobile": 0,
    "numberOfDisapprovedAds": 0,
    "numberOfActiveGoodQualityScoreKeywords": 3771,
    "lostImpressionsDueToBudgetDisplay": 0,
    "numberOfActiveAverageQualityScoreKeywords": 73653,
    "numberOfActiveAdGroups": 1796,
    "sumBudgetverageKeywordPosition": 2.4745,
    "numberOfActivePhraseMatchingKeywords": 0,
    "sumCampaignBudget": 0,
    "sumBudget": 180.1785626,
    "averageKeywordPosition": 3.4,
    "numberOfCampaignsOptedIntoSearchPartners": 0,
    "numberOfCampaignsWithSiteLinksEnabled": 2,
    "lostImpressionsDueToBidAdRankSearch": 10170445041,
    "numberOfActivePoorQualityScoreKeywords": 42815,
    "averageQualityScore": 5.415780237693261,
    "externalCustomerId": 1102360273,
    "lostImpressionsDueToBidAdRankDisplay": 0,
    "spend": 198.8426079,
    "impressionsDisplay": 238738126
  },
  {
    "numberOfActiveAds": 19645,
    "numberOfCampaignsWithCallExtensionEnabled": 0,
    "accountActive": true,
    "numberOfActiveBroadMatchingKeywords": 70447,
    "numberOfCampaignsWithLocationExtensionEnabled": 0,
    "totalClicksSearch": 750896,
    "numberOfNegativeActiveKeywords": 92135,
    "impressionsSearch": 20164012,
    "numberOfActiveCampaigns": 29,
    "numberOfCampaignsWithSocialExtensionEnabled": 0,
    "numberOfPositiveActiveKeywords": 162382,
    "numberOfAdgroupsWithoneActiveAd": 0,
    "totalClicksDisplay": 33246,
    "lostImpressionsDueToBudgetSearch": 1510554,
    "accountName": "Superb Marketing Brothers",
    "numberOfActiveExactMatchingKeywords": 182758,
    "numberOfAdgroupsWithTwoActiveAds": 0,
    "totalClicksMobile": 0,
    "numberOfDisapprovedAds": 0,
    "numberOfActiveGoodQualityScoreKeywords": 19922,
    "lostImpressionsDueToBudgetDisplay": 0,
    "numberOfActiveAverageQualityScoreKeywords": 58419,
    "numberOfActiveAdGroups": 5200,
    "averageKeywordPosition": 3.0929,
    "numberOfActivePhraseMatchingKeywords": 388,
    "sumCampaignBudget": 0,
    "sumBudget": 75127.967304,
    "numberOfCampaignsOptedIntoSearchPartners": 0,
    "numberOfCampaignsWithSiteLinksEnabled": 27,
    "lostImpressionsDueToBidAdRankSearch": 122753985,
    "numberOfActivePoorQualityScoreKeywords": 17980,
    "averageQualityScore": 6.567342531742819,
    "externalCustomerId": 2235574259,
    "lostImpressionsDueToBidAdRankDisplay": 0,
    "spend": 70494.4470079,
    "impressionsDisplay": 8654045
  },
  {
    "numberOfActiveAds": 3486,
    "numberOfCampaignsWithCallExtensionEnabled": 0,
    "accountActive": true,
    "numberOfActiveBroadMatchingKeywords": 2928,
    "numberOfCampaignsWithLocationExtensionEnabled": 0,
    "totalClicksSearch": 0,
    "numberOfNegativeActiveKeywords": 756,
    "impressionsSearch": 0,
    "numberOfActiveCampaigns": 3,
    "numberOfCampaignsWithSocialExtensionEnabled": 0,
    "numberOfPositiveActiveKeywords": 2944,
    "numberOfAdgroupsWithoneActiveAd": 0,
    "totalClicksDisplay": 910858,
    "lostImpressionsDueToBudgetSearch": 0,
    "accountName": "Analytical Sourcerer Brothers",
    "numberOfActiveExactMatchingKeywords": 0,
    "numberOfAdgroupsWithTwoActiveAds": 0,
    "totalClicksMobile": 0,
    "numberOfDisapprovedAds": 0,
    "numberOfActiveGoodQualityScoreKeywords": 12,
    "lostImpressionsDueToBudgetDisplay": 0,
    "numberOfActiveAverageQualityScoreKeywords": 210730,
    "numberOfActiveAdGroups": 206,
    "averageKeywordPosition": 0,
    "numberOfActivePhraseMatchingKeywords": 0,
    "sumCampaignBudget": 0,
    "sumBudget": 165529.1493788364,
    "numberOfCampaignsOptedIntoSearchPartners": 0,
    "numberOfCampaignsWithSiteLinksEnabled": 0,
    "lostImpressionsDueToBidAdRankSearch": 9114582074,
    "numberOfActivePoorQualityScoreKeywords": 1394,
    "averageQualityScore": 5.00741034053626,
    "externalCustomerId": 9036051660,
    "lostImpressionsDueToBidAdRankDisplay": 0,
    "spend": 127786.4479999999,
    "impressionsDisplay": 462657274
  },
  {
    "numberOfActiveAds": 3486,
    "numberOfCampaignsWithCallExtensionEnabled": 0,
    "accountActive": true,
    "numberOfActiveBroadMatchingKeywords": 2928,
    "numberOfCampaignsWithLocationExtensionEnabled": 0,
    "totalClicksSearch": 0,
    "numberOfNegativeActiveKeywords": 756,
    "impressionsSearch": 0,
    "numberOfActiveCampaigns": 3,
    "numberOfCampaignsWithSocialExtensionEnabled": 0,
    "numberOfPositiveActiveKeywords": 2944,
    "numberOfAdgroupsWithoneActiveAd": 0,
    "totalClicksDisplay": 910858,
    "lostImpressionsDueToBudgetSearch": 0,
    "accountName": "Digital Handlers Inc",
    "numberOfActiveExactMatchingKeywords": 0,
    "numberOfAdgroupsWithTwoActiveAds": 0,
    "totalClicksMobile": 0,
    "numberOfDisapprovedAds": 0,
    "numberOfActiveGoodQualityScoreKeywords": 12,
    "lostImpressionsDueToBudgetDisplay": 0,
    "numberOfActiveAverageQualityScoreKeywords": 210730,
    "numberOfActiveAdGroups": 206,
    "averageKeywordPosition": 0,
    "numberOfActivePhraseMatchingKeywords": 0,
    "sumCampaignBudget": 0,
    "sumBudget": 5950.019039519992,
    "numberOfCampaignsOptedIntoSearchPartners": 0,
    "numberOfCampaignsWithSiteLinksEnabled": 0,
    "lostImpressionsDueToBidAdRankSearch": 9114582074,
    "numberOfActivePoorQualityScoreKeywords": 1394,
    "averageQualityScore": 5.00741034053626,
    "externalCustomerId": 4441937655,
    "lostImpressionsDueToBidAdRankDisplay": 0,
    "spend": 4834.927999999999,
    "impressionsDisplay": 462657274
  },
  {
    "numberOfActiveAds": 0,
    "numberOfCampaignsWithCallExtensionEnabled": 0,
    "accountActive": true,
    "numberOfActiveBroadMatchingKeywords": 0,
    "numberOfCampaignsWithLocationExtensionEnabled": 0,
    "totalClicksSearch": 253323,
    "numberOfNegativeActiveKeywords": 4,
    "impressionsSearch": 17478976,
    "numberOfActiveCampaigns": 1,
    "numberOfCampaignsWithSocialExtensionEnabled": 0,
    "numberOfPositiveActiveKeywords": 84,
    "numberOfAdgroupsWithoneActiveAd": 0,
    "totalClicksDisplay": 169245,
    "lostImpressionsDueToBudgetSearch": 4726059,
    "accountName": "Analytical Sourcerer & Co",
    "numberOfActiveExactMatchingKeywords": 0,
    "numberOfAdgroupsWithTwoActiveAds": 0,
    "totalClicksMobile": 0,
    "numberOfDisapprovedAds": 0,
    "numberOfActiveGoodQualityScoreKeywords": 1718,
    "lostImpressionsDueToBudgetDisplay": 0,
    "numberOfActiveAverageQualityScoreKeywords": 11645,
    "numberOfActiveAdGroups": 10,
    "averageKeywordPosition": 1.1804,
    "numberOfActivePhraseMatchingKeywords": 0,
    "sumCampaignBudget": 0,
    "sumBudget": 2401.585217840541,
    "numberOfCampaignsOptedIntoSearchPartners": 0,
    "numberOfCampaignsWithSiteLinksEnabled": 0,
    "lostImpressionsDueToBidAdRankSearch": 5683240401,
    "numberOfActivePoorQualityScoreKeywords": 10320,
    "averageQualityScore": 5.300510915002322,
    "externalCustomerId": 8975317599,
    "lostImpressionsDueToBidAdRankDisplay": 0,
    "spend": 2242.4791199999995,
    "impressionsDisplay": 70162910
  },
  {
    "numberOfActiveAds": 5628,
    "numberOfCampaignsWithCallExtensionEnabled": 0,
    "accountActive": true,
    "numberOfActiveBroadMatchingKeywords": 13640,
    "numberOfCampaignsWithLocationExtensionEnabled": 0,
    "totalClicksSearch": 46856,
    "numberOfNegativeActiveKeywords": 34,
    "impressionsSearch": 1090434,
    "numberOfActiveCampaigns": 87,
    "numberOfCampaignsWithSocialExtensionEnabled": 0,
    "numberOfPositiveActiveKeywords": 17270,
    "numberOfAdgroupsWithoneActiveAd": 0,
    "totalClicksDisplay": 154236,
    "lostImpressionsDueToBudgetSearch": 14330525,
    "accountName": "Analytical Bureau Pty Ltd",
    "numberOfActiveExactMatchingKeywords": 2481,
    "numberOfAdgroupsWithTwoActiveAds": 0,
    "totalClicksMobile": 0,
    "numberOfDisapprovedAds": 0,
    "numberOfActiveGoodQualityScoreKeywords": 5529,
    "lostImpressionsDueToBudgetDisplay": 0,
    "numberOfActiveAverageQualityScoreKeywords": 37662,
    "numberOfActiveAdGroups": 2034,
    "averageKeywordPosition": 4.2859,
    "numberOfActivePhraseMatchingKeywords": 468,
    "sumCampaignBudget": 0,
    "sumBudget": 92424.7488625,
    "numberOfCampaignsOptedIntoSearchPartners": 0,
    "numberOfCampaignsWithSiteLinksEnabled": 66,
    "lostImpressionsDueToBidAdRankSearch": 490802506,
    "numberOfActivePoorQualityScoreKeywords": 12656,
    "averageQualityScore": 6.174888534746719,
    "externalCustomerId": 6344163113,
    "lostImpressionsDueToBidAdRankDisplay": 0,
    "spend": 54086.85891196,
    "impressionsDisplay": 65834864
  },
  {
    "numberOfActiveAds": 39926,
    "numberOfCampaignsWithCallExtensionEnabled": 0,
    "accountActive": true,
    "numberOfActiveBroadMatchingKeywords": 215326,
    "numberOfCampaignsWithLocationExtensionEnabled": 0,
    "totalClicksSearch": 891588,
    "numberOfNegativeActiveKeywords": 63236,
    "impressionsSearch": 39864140,
    "numberOfActiveCampaigns": 56,
    "numberOfCampaignsWithSocialExtensionEnabled": 1,
    "numberOfPositiveActiveKeywords": 535776,
    "numberOfAdgroupsWithoneActiveAd": 0,
    "totalClicksDisplay": 0,
    "lostImpressionsDueToBudgetSearch": 0,
    "accountName": "Superb Optimization & Co",
    "numberOfActiveExactMatchingKeywords": 356184,
    "numberOfAdgroupsWithTwoActiveAds": 0,
    "totalClicksMobile": 0,
    "numberOfDisapprovedAds": 0,
    "numberOfActiveGoodQualityScoreKeywords": 204060,
    "lostImpressionsDueToBudgetDisplay": 0,
    "numberOfActiveAverageQualityScoreKeywords": 1779650,
    "numberOfActiveAdGroups": 20748,
    "averageKeywordPosition": 4.0661,
    "numberOfActivePhraseMatchingKeywords": 27068,
    "sumCampaignBudget": 0,
    "sumBudget": 40606.28155816,
    "numberOfCampaignsOptedIntoSearchPartners": 0,
    "numberOfCampaignsWithSiteLinksEnabled": 56,
    "lostImpressionsDueToBidAdRankSearch": 47671246,
    "numberOfActivePoorQualityScoreKeywords": 504182,
    "averageQualityScore": 6.217184668787874,
    "externalCustomerId": 4951719025,
    "lostImpressionsDueToBidAdRankDisplay": 0,
    "spend": 40301.16870397,
    "impressionsDisplay": 0
  },
  {
    "numberOfActiveAds": 39926,
    "numberOfCampaignsWithCallExtensionEnabled": 0,
    "accountActive": true,
    "numberOfActiveBroadMatchingKeywords": 215326,
    "numberOfCampaignsWithLocationExtensionEnabled": 0,
    "totalClicksSearch": 891588,
    "numberOfNegativeActiveKeywords": 63236,
    "impressionsSearch": 39864140,
    "numberOfActiveCampaigns": 56,
    "numberOfCampaignsWithSocialExtensionEnabled": 1,
    "numberOfPositiveActiveKeywords": 535776,
    "numberOfAdgroupsWithoneActiveAd": 0,
    "totalClicksDisplay": 0,
    "lostImpressionsDueToBudgetSearch": 0,
    "accountName": "Superb Marketing Ltd",
    "numberOfActiveExactMatchingKeywords": 356184,
    "numberOfAdgroupsWithTwoActiveAds": 0,
    "totalClicksMobile": 0,
    "numberOfDisapprovedAds": 0,
    "numberOfActiveGoodQualityScoreKeywords": 204060,
    "lostImpressionsDueToBudgetDisplay": 0,
    "numberOfActiveAverageQualityScoreKeywords": 1779650,
    "numberOfActiveAdGroups": 20748,
    "averageKeywordPosition": 4.0661,
    "numberOfActivePhraseMatchingKeywords": 27068,
    "sumCampaignBudget": 0,
    "sumBudget": 901367.4464678,
    "numberOfCampaignsOptedIntoSearchPartners": 0,
    "numberOfCampaignsWithSiteLinksEnabled": 56,
    "lostImpressionsDueToBidAdRankSearch": 47671246,
    "numberOfActivePoorQualityScoreKeywords": 504182,
    "averageQualityScore": 6.217184668787874,
    "externalCustomerId": 3122081047,
    "lostImpressionsDueToBidAdRankDisplay": 0,
    "spend": 95301.16870397,
    "impressionsDisplay": 0
  },
  {
    "numberOfActiveAds": 931,
    "numberOfCampaignsWithCallExtensionEnabled": 0,
    "accountActive": true,
    "numberOfActiveBroadMatchingKeywords": 746,
    "numberOfCampaignsWithLocationExtensionEnabled": 0,
    "totalClicksSearch": 36634,
    "numberOfNegativeActiveKeywords": 197,
    "impressionsSearch": 2261322,
    "numberOfActiveCampaigns": 11,
    "numberOfCampaignsWithSocialExtensionEnabled": 0,
    "numberOfPositiveActiveKeywords": 3169,
    "numberOfAdgroupsWithoneActiveAd": 0,
    "totalClicksDisplay": 83774,
    "lostImpressionsDueToBudgetSearch": 61450812,
    "accountName": "Analytical Optimization & Co",
    "numberOfActiveExactMatchingKeywords": 1666,
    "numberOfAdgroupsWithTwoActiveAds": 0,
    "totalClicksMobile": 0,
    "numberOfDisapprovedAds": 0,
    "numberOfActiveGoodQualityScoreKeywords": 255,
    "lostImpressionsDueToBudgetDisplay": 0,
    "numberOfActiveAverageQualityScoreKeywords": 1356,
    "numberOfActiveAdGroups": 101,
    "averageKeywordPosition": 2.3606,
    "numberOfActivePhraseMatchingKeywords": 872,
    "sumCampaignBudget": 0,
    "sumBudget": 121897.00827187,
    "numberOfCampaignsOptedIntoSearchPartners": 0,
    "numberOfCampaignsWithSiteLinksEnabled": 4,
    "lostImpressionsDueToBidAdRankSearch": 1171738977,
    "numberOfActivePoorQualityScoreKeywords": 9959,
    "averageQualityScore": 3.663094209161625,
    "externalCustomerId": 8577740670,
    "lostImpressionsDueToBidAdRankDisplay": 0,
    "spend": 130969.38422394,
    "impressionsDisplay": 75762674
  },
  {
    "numberOfActiveAds": 1690,
    "numberOfCampaignsWithCallExtensionEnabled": 0,
    "accountActive": true,
    "numberOfActiveBroadMatchingKeywords": 1366,
    "numberOfCampaignsWithLocationExtensionEnabled": 0,
    "totalClicksSearch": 54,
    "numberOfNegativeActiveKeywords": 0,
    "impressionsSearch": 1309,
    "numberOfActiveCampaigns": 6,
    "numberOfCampaignsWithSocialExtensionEnabled": 0,
    "numberOfPositiveActiveKeywords": 2826,
    "numberOfAdgroupsWithoneActiveAd": 0,
    "totalClicksDisplay": 115,
    "lostImpressionsDueToBudgetSearch": 0,
    "accountName": "Digital Bureau Pty Ltd",
    "numberOfActiveExactMatchingKeywords": 1459,
    "numberOfAdgroupsWithTwoActiveAds": 0,
    "totalClicksMobile": 0,
    "numberOfDisapprovedAds": 0,
    "numberOfActiveGoodQualityScoreKeywords": 411,
    "lostImpressionsDueToBudgetDisplay": 0,
    "numberOfActiveAverageQualityScoreKeywords": 8,
    "numberOfActiveAdGroups": 1393,
    "averageKeywordPosition": 1.2651,
    "numberOfActivePhraseMatchingKeywords": 1,
    "sumCampaignBudget": 0,
    "sumBudget": 170521.5105253471,
    "numberOfCampaignsOptedIntoSearchPartners": 0,
    "numberOfCampaignsWithSiteLinksEnabled": 3,
    "lostImpressionsDueToBidAdRankSearch": 60801,
    "numberOfActivePoorQualityScoreKeywords": 4,
    "averageQualityScore": 8.919621749408984,
    "externalCustomerId": 2602329986,
    "lostImpressionsDueToBidAdRankDisplay": 0,
    "spend": 159348.98627199998,
    "impressionsDisplay": 21430
  },
  {
    "numberOfActiveAds": 318,
    "numberOfCampaignsWithCallExtensionEnabled": 0,
    "accountActive": true,
    "numberOfActiveBroadMatchingKeywords": 14,
    "numberOfCampaignsWithLocationExtensionEnabled": 0,
    "totalClicksSearch": 222,
    "numberOfNegativeActiveKeywords": 26028,
    "impressionsSearch": 5418,
    "numberOfActiveCampaigns": 4,
    "numberOfCampaignsWithSocialExtensionEnabled": 1,
    "numberOfPositiveActiveKeywords": 31,
    "numberOfAdgroupsWithoneActiveAd": 0,
    "totalClicksDisplay": 0,
    "lostImpressionsDueToBudgetSearch": 0,
    "accountName": "Digital Marketing & Co",
    "numberOfActiveExactMatchingKeywords": 17,
    "numberOfAdgroupsWithTwoActiveAds": 0,
    "totalClicksMobile": 0,
    "numberOfDisapprovedAds": 0,
    "numberOfActiveGoodQualityScoreKeywords": 13,
    "lostImpressionsDueToBudgetDisplay": 0,
    "numberOfActiveAverageQualityScoreKeywords": 368,
    "numberOfActiveAdGroups": 81,
    "averageKeywordPosition": 3.1192,
    "numberOfActivePhraseMatchingKeywords": 26028,
    "sumCampaignBudget": 0,
    "sumBudget": 148806.04478639734,
    "numberOfCampaignsOptedIntoSearchPartners": 0,
    "numberOfCampaignsWithSiteLinksEnabled": 4,
    "lostImpressionsDueToBidAdRankSearch": 1300,
    "numberOfActivePoorQualityScoreKeywords": 117,
    "averageQualityScore": 5.887550200803213,
    "externalCustomerId": 1490243856,
    "lostImpressionsDueToBidAdRankDisplay": 0,
    "spend": 147355.29155199995,
    "impressionsDisplay": 0
  },
  {
    "numberOfActiveAds": 346,
    "numberOfCampaignsWithCallExtensionEnabled": 0,
    "accountActive": true,
    "numberOfActiveBroadMatchingKeywords": 36448,
    "numberOfCampaignsWithLocationExtensionEnabled": 0,
    "totalClicksSearch": 16236,
    "numberOfNegativeActiveKeywords": 0,
    "impressionsSearch": 819592,
    "numberOfActiveCampaigns": 9,
    "numberOfCampaignsWithSocialExtensionEnabled": 0,
    "numberOfPositiveActiveKeywords": 137184,
    "numberOfAdgroupsWithoneActiveAd": 0,
    "totalClicksDisplay": 0,
    "lostImpressionsDueToBudgetSearch": 0,
    "accountName": "Analytical Marketing Ltd",
    "numberOfActiveExactMatchingKeywords": 100736,
    "numberOfAdgroupsWithTwoActiveAds": 0,
    "totalClicksMobile": 0,
    "numberOfDisapprovedAds": 0,
    "numberOfActiveGoodQualityScoreKeywords": 15162,
    "lostImpressionsDueToBudgetDisplay": 0,
    "numberOfActiveAverageQualityScoreKeywords": 279341,
    "numberOfActiveAdGroups": 346,
    "averageKeywordPosition": 5.4817,
    "numberOfActivePhraseMatchingKeywords": 0,
    "sumCampaignBudget": 0,
    "sumBudget": 138026.76388208786,
    "numberOfCampaignsOptedIntoSearchPartners": 0,
    "numberOfCampaignsWithSiteLinksEnabled": 9,
    "lostImpressionsDueToBidAdRankSearch": 26354565,
    "numberOfActivePoorQualityScoreKeywords": 127320,
    "averageQualityScore": 5.4553070837768445,
    "externalCustomerId": 4170756611,
    "lostImpressionsDueToBidAdRankDisplay": 0,
    "spend": 136803.94201599996,
    "impressionsDisplay": 0
  },
  {
    "numberOfActiveAds": 120,
    "numberOfCampaignsWithCallExtensionEnabled": 0,
    "accountActive": true,
    "numberOfActiveBroadMatchingKeywords": 11,
    "numberOfCampaignsWithLocationExtensionEnabled": 0,
    "totalClicksSearch": 84,
    "numberOfNegativeActiveKeywords": 21676,
    "impressionsSearch": 3719,
    "numberOfActiveCampaigns": 2,
    "numberOfCampaignsWithSocialExtensionEnabled": 0,
    "numberOfPositiveActiveKeywords": 39,
    "numberOfAdgroupsWithoneActiveAd": 0,
    "totalClicksDisplay": 0,
    "lostImpressionsDueToBudgetSearch": 0,
    "accountName": "Digital Bureau & Co",
    "numberOfActiveExactMatchingKeywords": 12,
    "numberOfAdgroupsWithTwoActiveAds": 0,
    "totalClicksMobile": 0,
    "numberOfDisapprovedAds": 0,
    "numberOfActiveGoodQualityScoreKeywords": 1,
    "lostImpressionsDueToBudgetDisplay": 0,
    "numberOfActiveAverageQualityScoreKeywords": 181,
    "numberOfActiveAdGroups": 52,
    "averageKeywordPosition": 2.4767,
    "numberOfActivePhraseMatchingKeywords": 21692,
    "sumCampaignBudget": 0,
    "sumBudget": 125361.81715232968,
    "numberOfCampaignsOptedIntoSearchPartners": 0,
    "numberOfCampaignsWithSiteLinksEnabled": 2,
    "lostImpressionsDueToBidAdRankSearch": 1142,
    "numberOfActivePoorQualityScoreKeywords": 38,
    "averageQualityScore": 5.840909090909091,
    "externalCustomerId": 1755315121,
    "lostImpressionsDueToBidAdRankDisplay": 0,
    "spend": 104595.01270399998,
    "impressionsDisplay": 0
  },
  {
    "numberOfActiveAds": 6388,
    "numberOfCampaignsWithCallExtensionEnabled": 0,
    "accountActive": true,
    "numberOfActiveBroadMatchingKeywords": 3415,
    "numberOfCampaignsWithLocationExtensionEnabled": 0,
    "totalClicksSearch": 176,
    "numberOfNegativeActiveKeywords": 0,
    "impressionsSearch": 30400,
    "numberOfActiveCampaigns": 175,
    "numberOfCampaignsWithSocialExtensionEnabled": 0,
    "numberOfPositiveActiveKeywords": 3947,
    "numberOfAdgroupsWithoneActiveAd": 0,
    "totalClicksDisplay": 0,
    "lostImpressionsDueToBudgetSearch": 0,
    "accountName": "Global Bureau Brothers",
    "numberOfActiveExactMatchingKeywords": 532,
    "numberOfAdgroupsWithTwoActiveAds": 0,
    "totalClicksMobile": 0,
    "numberOfDisapprovedAds": 0,
    "numberOfActiveGoodQualityScoreKeywords": 90,
    "lostImpressionsDueToBudgetDisplay": 0,
    "numberOfActiveAverageQualityScoreKeywords": 934,
    "numberOfActiveAdGroups": 6549,
    "averageKeywordPosition": 2.5161,
    "numberOfActivePhraseMatchingKeywords": 0,
    "sumCampaignBudget": 0,
    "sumBudget": 111036.76247765806,
    "numberOfCampaignsOptedIntoSearchPartners": 0,
    "numberOfCampaignsWithSiteLinksEnabled": 0,
    "lostImpressionsDueToBidAdRankSearch": 7153,
    "numberOfActivePoorQualityScoreKeywords": 112,
    "averageQualityScore": 6.370598591549296,
    "externalCustomerId": 4647204602,
    "lostImpressionsDueToBidAdRankDisplay": 0,
    "spend": 98849.75721599997,
    "impressionsDisplay": 0
  },
  {
    "numberOfActiveAds": 323,
    "numberOfCampaignsWithCallExtensionEnabled": 0,
    "accountActive": true,
    "numberOfActiveBroadMatchingKeywords": 13536,
    "numberOfCampaignsWithLocationExtensionEnabled": 0,
    "totalClicksSearch": 10030,
    "numberOfNegativeActiveKeywords": 0,
    "impressionsSearch": 344801,
    "numberOfActiveCampaigns": 2,
    "numberOfCampaignsWithSocialExtensionEnabled": 0,
    "numberOfPositiveActiveKeywords": 87519,
    "numberOfAdgroupsWithoneActiveAd": 0,
    "totalClicksDisplay": 1363,
    "lostImpressionsDueToBudgetSearch": 0,
    "accountName": "Global Optimization Inc",
    "numberOfActiveExactMatchingKeywords": 73779,
    "numberOfAdgroupsWithTwoActiveAds": 0,
    "totalClicksMobile": 0,
    "numberOfDisapprovedAds": 0,
    "numberOfActiveGoodQualityScoreKeywords": 13723,
    "lostImpressionsDueToBudgetDisplay": 0,
    "numberOfActiveAverageQualityScoreKeywords": 629877,
    "numberOfActiveAdGroups": 370,
    "averageKeywordPosition": 4.8641,
    "numberOfActivePhraseMatchingKeywords": 204,
    "sumCampaignBudget": 0,
    "sumBudget": 85365.0686991116,
    "numberOfCampaignsOptedIntoSearchPartners": 0,
    "numberOfCampaignsWithSiteLinksEnabled": 0,
    "lostImpressionsDueToBidAdRankSearch": 62550255,
    "numberOfActivePoorQualityScoreKeywords": 308684,
    "averageQualityScore": 5.385151908464282,
    "externalCustomerId": 9049470492,
    "lostImpressionsDueToBidAdRankDisplay": 0,
    "spend": 79727.05171199999,
    "impressionsDisplay": 139500
  },
  {
    "numberOfActiveAds": 239,
    "numberOfCampaignsWithCallExtensionEnabled": 0,
    "accountActive": true,
    "numberOfActiveBroadMatchingKeywords": 400,
    "numberOfCampaignsWithLocationExtensionEnabled": 0,
    "totalClicksSearch": 1154,
    "numberOfNegativeActiveKeywords": 0,
    "impressionsSearch": 69296,
    "numberOfActiveCampaigns": 6,
    "numberOfCampaignsWithSocialExtensionEnabled": 0,
    "numberOfPositiveActiveKeywords": 1480,
    "numberOfAdgroupsWithoneActiveAd": 0,
    "totalClicksDisplay": 0,
    "lostImpressionsDueToBudgetSearch": 0,
    "accountName": "Superb Sourcerer Pty Ltd",
    "numberOfActiveExactMatchingKeywords": 1033,
    "numberOfAdgroupsWithTwoActiveAds": 0,
    "totalClicksMobile": 0,
    "numberOfDisapprovedAds": 0,
    "numberOfActiveGoodQualityScoreKeywords": 120,
    "lostImpressionsDueToBudgetDisplay": 0,
    "numberOfActiveAverageQualityScoreKeywords": 352,
    "numberOfActiveAdGroups": 24,
    "averageKeywordPosition": 2.2909,
    "numberOfActivePhraseMatchingKeywords": 47,
    "sumCampaignBudget": 0,
    "sumBudget": 66691.44575218864,
    "numberOfCampaignsOptedIntoSearchPartners": 0,
    "numberOfCampaignsWithSiteLinksEnabled": 0,
    "lostImpressionsDueToBidAdRankSearch": 135032,
    "numberOfActivePoorQualityScoreKeywords": 6410,
    "averageQualityScore": 3.0260098808485907,
    "externalCustomerId": 3952045652,
    "lostImpressionsDueToBidAdRankDisplay": 0,
    "spend": 63907.78195199998,
    "impressionsDisplay": 0
  },
  {
    "numberOfActiveAds": 99,
    "numberOfCampaignsWithCallExtensionEnabled": 0,
    "accountActive": true,
    "numberOfActiveBroadMatchingKeywords": 1168,
    "numberOfCampaignsWithLocationExtensionEnabled": 0,
    "totalClicksSearch": 3941,
    "numberOfNegativeActiveKeywords": 0,
    "impressionsSearch": 276243,
    "numberOfActiveCampaigns": 13,
    "numberOfCampaignsWithSocialExtensionEnabled": 0,
    "numberOfPositiveActiveKeywords": 1168,
    "numberOfAdgroupsWithoneActiveAd": 0,
    "totalClicksDisplay": 2,
    "lostImpressionsDueToBudgetSearch": 640295,
    "accountName": "Superb Agency Ltd",
    "numberOfActiveExactMatchingKeywords": 0,
    "numberOfAdgroupsWithTwoActiveAds": 0,
    "totalClicksMobile": 0,
    "numberOfDisapprovedAds": 0,
    "numberOfActiveGoodQualityScoreKeywords": 55,
    "lostImpressionsDueToBudgetDisplay": 0,
    "numberOfActiveAverageQualityScoreKeywords": 13315,
    "numberOfActiveAdGroups": 73,
    "averageKeywordPosition": 4.1836,
    "numberOfActivePhraseMatchingKeywords": 0,
    "sumCampaignBudget": 0,
    "sumBudget": 59976.3507168769,
    "numberOfCampaignsOptedIntoSearchPartners": 0,
    "numberOfCampaignsWithSiteLinksEnabled": 0,
    "lostImpressionsDueToBidAdRankSearch": 1545444,
    "numberOfActivePoorQualityScoreKeywords": 26399,
    "averageQualityScore": 4.265533455706707,
    "externalCustomerId": 4274752281,
    "lostImpressionsDueToBidAdRankDisplay": 0,
    "spend": 62461.990304,
    "impressionsDisplay": 19
  },
  {
    "numberOfActiveAds": 0,
    "numberOfCampaignsWithCallExtensionEnabled": 0,
    "accountActive": true,
    "numberOfActiveBroadMatchingKeywords": 0,
    "numberOfCampaignsWithLocationExtensionEnabled": 0,
    "totalClicksSearch": 704,
    "numberOfNegativeActiveKeywords": 0,
    "impressionsSearch": 27995,
    "numberOfActiveCampaigns": 1,
    "numberOfCampaignsWithSocialExtensionEnabled": 0,
    "numberOfPositiveActiveKeywords": 17,
    "numberOfAdgroupsWithoneActiveAd": 0,
    "totalClicksDisplay": 4,
    "lostImpressionsDueToBudgetSearch": 0,
    "accountName": "Search Bureau & Co",
    "numberOfActiveExactMatchingKeywords": 0,
    "numberOfAdgroupsWithTwoActiveAds": 0,
    "totalClicksMobile": 0,
    "numberOfDisapprovedAds": 0,
    "numberOfActiveGoodQualityScoreKeywords": 11569,
    "lostImpressionsDueToBudgetDisplay": 0,
    "numberOfActiveAverageQualityScoreKeywords": 27211,
    "numberOfActiveAdGroups": 1,
    "averageKeywordPosition": 1,
    "numberOfActivePhraseMatchingKeywords": 0,
    "sumCampaignBudget": 0,
    "sumBudget": 72345.33124866987,
    "numberOfCampaignsOptedIntoSearchPartners": 0,
    "numberOfCampaignsWithSiteLinksEnabled": 0,
    "lostImpressionsDueToBidAdRankSearch": 23044,
    "numberOfActivePoorQualityScoreKeywords": 17353,
    "averageQualityScore": 6.195731566101936,
    "externalCustomerId": 5295918589,
    "lostImpressionsDueToBidAdRankDisplay": 0,
    "spend": 59111.16567999998,
    "impressionsDisplay": 477
  },
  {
    "numberOfActiveAds": 2148,
    "numberOfCampaignsWithCallExtensionEnabled": 0,
    "accountActive": true,
    "numberOfActiveBroadMatchingKeywords": 145575,
    "numberOfCampaignsWithLocationExtensionEnabled": 0,
    "totalClicksSearch": 2124,
    "numberOfNegativeActiveKeywords": 0,
    "impressionsSearch": 160372,
    "numberOfActiveCampaigns": 8,
    "numberOfCampaignsWithSocialExtensionEnabled": 0,
    "numberOfPositiveActiveKeywords": 145647,
    "numberOfAdgroupsWithoneActiveAd": 0,
    "totalClicksDisplay": 0,
    "lostImpressionsDueToBudgetSearch": 2288,
    "accountName": "Digital Handlers Inc",
    "numberOfActiveExactMatchingKeywords": 72,
    "numberOfAdgroupsWithTwoActiveAds": 0,
    "totalClicksMobile": 0,
    "numberOfDisapprovedAds": 0,
    "numberOfActiveGoodQualityScoreKeywords": 6516,
    "lostImpressionsDueToBudgetDisplay": 0,
    "numberOfActiveAverageQualityScoreKeywords": 632755,
    "numberOfActiveAdGroups": 489,
    "averageKeywordPosition": 4.9538,
    "numberOfActivePhraseMatchingKeywords": 0,
    "sumCampaignBudget": 0,
    "sumBudget": 26111.690987511825,
    "numberOfCampaignsOptedIntoSearchPartners": 0,
    "numberOfCampaignsWithSiteLinksEnabled": 8,
    "lostImpressionsDueToBidAdRankSearch": 2971331,
    "numberOfActivePoorQualityScoreKeywords": 285721,
    "averageQualityScore": 5.320959532622985,
    "externalCustomerId": 7779060704,
    "lostImpressionsDueToBidAdRankDisplay": 0,
    "spend": 22307.238239999995,
    "impressionsDisplay": 0
  },
  {
    "numberOfActiveAds": 706,
    "numberOfCampaignsWithCallExtensionEnabled": 0,
    "accountActive": true,
    "numberOfActiveBroadMatchingKeywords": 4712,
    "numberOfCampaignsWithLocationExtensionEnabled": 0,
    "totalClicksSearch": 267,
    "numberOfNegativeActiveKeywords": 0,
    "impressionsSearch": 17095,
    "numberOfActiveCampaigns": 22,
    "numberOfCampaignsWithSocialExtensionEnabled": 0,
    "numberOfPositiveActiveKeywords": 5502,
    "numberOfAdgroupsWithoneActiveAd": 0,
    "totalClicksDisplay": 0,
    "lostImpressionsDueToBudgetSearch": 0,
    "accountName": "Digital Sourcerer Inc",
    "numberOfActiveExactMatchingKeywords": 790,
    "numberOfAdgroupsWithTwoActiveAds": 0,
    "totalClicksMobile": 0,
    "numberOfDisapprovedAds": 0,
    "numberOfActiveGoodQualityScoreKeywords": 273,
    "lostImpressionsDueToBudgetDisplay": 0,
    "numberOfActiveAverageQualityScoreKeywords": 125137,
    "numberOfActiveAdGroups": 710,
    "averageKeywordPosition": 4.3431,
    "numberOfActivePhraseMatchingKeywords": 0,
    "sumCampaignBudget": 0,
    "sumBudget": 4375.172784120648,
    "numberOfCampaignsOptedIntoSearchPartners": 0,
    "numberOfCampaignsWithSiteLinksEnabled": 0,
    "lostImpressionsDueToBidAdRankSearch": 188316,
    "numberOfActivePoorQualityScoreKeywords": 63519,
    "averageQualityScore": 5.156159192077447,
    "externalCustomerId": 1812874025,
    "lostImpressionsDueToBidAdRankDisplay": 0,
    "spend": 3895.3659359999997,
    "impressionsDisplay": 0
  },
  {
    "numberOfActiveAds": 5,
    "numberOfCampaignsWithCallExtensionEnabled": 0,
    "accountActive": true,
    "numberOfActiveBroadMatchingKeywords": 4,
    "numberOfCampaignsWithLocationExtensionEnabled": 0,
    "totalClicksSearch": 1064,
    "numberOfNegativeActiveKeywords": 0,
    "impressionsSearch": 7072,
    "numberOfActiveCampaigns": 1,
    "numberOfCampaignsWithSocialExtensionEnabled": 0,
    "numberOfPositiveActiveKeywords": 493,
    "numberOfAdgroupsWithoneActiveAd": 0,
    "totalClicksDisplay": 0,
    "lostImpressionsDueToBudgetSearch": 0,
    "accountName": "Global Agency Ltd",
    "numberOfActiveExactMatchingKeywords": 486,
    "numberOfAdgroupsWithTwoActiveAds": 0,
    "totalClicksMobile": 0,
    "numberOfDisapprovedAds": 0,
    "numberOfActiveGoodQualityScoreKeywords": 44028,
    "lostImpressionsDueToBudgetDisplay": 0,
    "numberOfActiveAverageQualityScoreKeywords": 426459,
    "numberOfActiveAdGroups": 1,
    "averageKeywordPosition": 1.3566,
    "numberOfActivePhraseMatchingKeywords": 3,
    "sumCampaignBudget": 0,
    "sumBudget": 2791.07006000042,
    "numberOfCampaignsOptedIntoSearchPartners": 0,
    "numberOfCampaignsWithSiteLinksEnabled": 1,
    "lostImpressionsDueToBidAdRankSearch": 7941,
    "numberOfActivePoorQualityScoreKeywords": 16187,
    "averageQualityScore": 6.870375240921027,
    "externalCustomerId": 2455458609,
    "lostImpressionsDueToBidAdRankDisplay": 0,
    "spend": 2432.3419679999997,
    "impressionsDisplay": 0
  }
]
